patient_id,observation_date,blood_pressure,heart_rate,temperature,oxygen_saturation,creatinine,glucose
DEMO-001,2026-08-24 00:00,120/80,76,38.2,96,0.9,105
DEMO-002,2026-08-24 00:00,135/85,82,36.8,98,1.1,110
DEMO-003,2026-08-24 00:00,110/70,68,37.0,97,2.4,118
DEMO-004,2026-08-24 00:00,124/78,80,37.5,99,0.8,95
DEMO-005,2026-08-24 00:00,118/74,72,36.9,98,0.9,100
DEMO-006,2026-08-24 00:00,130/82,74,36.6,97,1.0,102
DEMO-007,2026-08-24 00:00,142/88,78,36.7,96,1.2,108
DEMO-008,2026-08-24 00:00,122/76,70,36.8,99,0.9,115
P001,2026-08-24 09:00,133/61,64,37.1,97,0.84,147
P002,2026-08-24 19:00,119/57,83,36.8,95,2.69,160
P003,2026-08-23 00:00,123/87,90,38.6,96,2.58,209
P004,2026-08-24 06:00,157/93,71,38.6,95,1.7,159
P005,2026-08-23 00:00,133/61,70,37.5,94,1.25,188
P006,2026-08-23 17:00,126/82,104,38.8,100,2.41,204
P007,2026-08-24 18:00,120/80,114,37.6,92,0.91,100
P008,2026-08-24 14:00,123/62,105,37.6,96,2.91,152
P009,2026-08-24 00:00,161/81,105,36.5,95,3.13,121
P010,2026-08-24 20:00,103/93,104,38.2,98,1.73,210
P011,2026-08-24 22:00,128/73,108,37.7,97,1.15,199
P012,2026-08-23 13:00,161/93,106,38.5,100,1.42,189
P013,2026-08-23 22:00,143/89,92,38.3,95,2.54,204
P014,2026-08-24 19:00,123/79,87,37.0,98,1.45,151
P015,2026-08-24 07:00,106/85,94,38.7,99,2.34,145
P016,2026-08-24 03:00,166/62,94,38.2,97,2.67,189
P017,2026-08-23 04:00,138/76,112,37.0,99,0.67,134
P018,2026-08-23 12:00,113/67,88,36.8,100,1.16,152
P019,2026-08-24 15:00,161/103,96,38.2,95,1.68,177
P020,2026-08-23 10:00,126/83,102,36.9,98,0.92,149
P021,2026-08-24 00:00,142/76,64,38.4,97,1.43,185
P022,2026-08-24 10:00,156/78,89,37.8,92,2.22,132
P023,2026-08-23 04:00,152/64,88,37.0,100,1.76,176
P024,2026-08-24 13:00,142/96,62,37.4,96,3.12,166
P025,2026-08-23 17:00,122/97,109,37.4,96,0.62,120
P026,2026-08-24 10:00,169/71,104,38.2,94,2.36,104
P027,2026-08-23 06:00,137/61,88,36.2,100,2.35,163
P028,2026-08-23 23:00,102/98,115,38.7,97,1.56,95
P029,2026-08-23 20:00,157/62,88,37.3,97,2.54,107
P030,2026-08-23 17:00,141/81,78,37.3,96,2.5,175
P031,2026-08-24 03:00,135/61,71,36.5,99,2.1,137
P032,2026-08-24 11:00,108/91,62,36.5,92,2.31,103
P033,2026-08-23 19:00,112/63,103,36.7,100,1.59,170
P034,2026-08-24 12:00,169/84,81,36.3,93,2.76,142
P035,2026-08-24 03:00,149/83,81,38.3,93,0.7,103
P036,2026-08-24 17:00,154/96,73,38.0,99,1.05,120
P037,2026-08-23 15:00,114/69,67,36.3,93,3.2,209
P038,2026-08-23 16:00,114/78,94,38.8,99,2.36,152
P039,2026-08-23 23:00,120/79,81,36.7,97,3.19,105
P040,2026-08-24 04:00,144/55,73,37.6,94,2.2,101
P041,2026-08-23 12:00,133/96,107,37.9,99,1.06,126
P042,2026-08-24 11:00,159/73,63,37.0,96,1.44,158
P043,2026-08-24 11:00,153/88,93,36.4,96,1.61,194
P044,2026-08-24 12:00,112/105,72,36.4,95,1.54,115
P045,2026-08-23 01:00,118/77,91,38.5,93,3.06,144
P046,2026-08-23 16:00,149/68,67,36.9,97,1.48,168
P047,2026-08-23 14:00,149/86,89,36.2,98,2.89,209
P048,2026-08-23 23:00,108/67,83,37.5,92,2.17,89
P049,2026-08-23 02:00,104/67,78,37.2,98,0.65,132
P050,2026-08-24 09:00,152/75,93,38.6,96,1.85,153
P051,2026-08-23 16:00,151/96,76,37.0,92,1.12,102
P052,2026-08-23 17:00,159/88,66,38.4,99,1.88,149
P053,2026-08-23 01:00,129/99,76,37.1,95,0.91,136
P054,2026-08-23 03:00,129/101,74,38.3,95,0.66,98
P055,2026-08-23 03:00,159/63,80,36.4,100,2.3,180
P056,2026-08-24 18:00,102/93,96,37.9,92,0.69,142
P057,2026-08-23 05:00,138/105,102,37.2,94,1.96,156
P058,2026-08-23 22:00,167/93,62,36.6,100,0.7,135
P059,2026-08-24 00:00,129/71,114,37.4,93,1.54,200
P060,2026-08-24 13:00,91/68,81,36.3,99,1.91,204
P061,2026-08-24 20:00,119/68,102,38.5,99,2.94,149
P062,2026-08-24 14:00,100/87,80,36.2,98,2.54,139
P063,2026-08-23 14:00,142/61,80,37.6,97,0.67,178
P064,2026-08-24 03:00,151/105,74,38.6,99,0.8,130
P065,2026-08-23 02:00,115/85,83,38.7,96,1.42,205
P066,2026-08-23 12:00,166/95,64,38.2,97,2.98,122
P067,2026-08-24 01:00,103/98,105,36.8,94,2.68,120
P068,2026-08-24 07:00,129/62,102,36.5,98,1.08,187
P069,2026-08-23 19:00,103/102,106,36.8,92,2.76,195
P070,2026-08-24 12:00,131/100,94,36.8,100,1.36,104
P071,2026-08-24 02:00,164/55,112,38.1,99,2.86,171
P072,2026-08-24 12:00,125/60,74,36.3,94,2.3,93
P073,2026-08-23 00:00,103/61,114,36.9,98,1.41,114
P074,2026-08-23 22:00,134/82,66,36.8,93,1.42,143
P075,2026-08-23 21:00,154/73,90,38.2,98,2.23,182
P076,2026-08-24 05:00,105/104,79,38.3,96,2.94,96
P077,2026-08-24 19:00,112/69,60,38.7,93,2.69,199
P078,2026-08-24 17:00,95/69,91,37.2,97,2.93,197
P079,2026-08-24 07:00,135/80,101,36.9,94,1.93,87
P080,2026-08-24 01:00,105/57,61,36.6,98,3.05,181
P081,2026-08-24 12:00,102/70,75,37.5,92,2.31,136
P082,2026-08-23 07:00,115/63,69,38.6,97,1.49,95
P083,2026-08-23 02:00,127/63,58,38.7,98,1.06,88
P084,2026-08-23 02:00,98/77,64,38.0,92,1.27,178
P085,2026-08-24 10:00,142/99,104,37.6,96,2.04,156
P086,2026-08-23 22:00,156/81,101,38.4,99,3.11,140
P087,2026-08-23 19:00,115/95,96,36.8,93,0.98,102
P088,2026-08-23 07:00,167/98,60,37.2,97,2.4,140
P089,2026-08-24 09:00,142/102,91,38.4,92,1.86,120
P090,2026-08-24 06:00,101/73,61,36.5,95,0.67,136
P091,2026-08-23 13:00,120/58,109,38.3,98,2.69,161
P092,2026-08-24 08:00,129/81,79,37.1,96,2.65,198
P093,2026-08-23 10:00,148/64,103,36.6,93,1.42,204
P094,2026-08-24 20:00,158/67,58,38.5,100,2.5,128
P095,2026-08-23 01:00,94/79,74,38.2,92,2.88,92
P096,2026-08-23 02:00,107/81,64,37.5,93,2.76,152
P097,2026-08-23 14:00,99/101,115,36.8,95,2.48,196
P098,2026-08-24 14:00,111/76,86,38.7,96,1.53,103
P099,2026-08-23 11:00,168/58,68,37.5,99,0.63,206
P100,2026-08-23 11:00,90/60,97,37.8,100,2.66,132
